"FullName","LastWriteTime"
"C:\Users\mehme\Desktop\cozastore-master\images","17.03.2026 21:05:48"
"C:\Users\mehme\Desktop\cozastore-master\js","17.03.2026 22:04:42"
"C:\Users\mehme\Desktop\cozastore-master\safe_restore","17.03.2026 21:11:54"
"C:\Users\mehme\Desktop\cozastore-master\scripts","17.03.2026 20:31:40"
"C:\Users\mehme\Desktop\cozastore-master\vendor","17.03.2026 21:05:48"
"C:\Users\mehme\Desktop\cozastore-master\about.html","17.03.2026 22:26:27"
"C:\Users\mehme\Desktop\cozastore-master\agb.html","17.03.2026 22:27:46"
"C:\Users\mehme\Desktop\cozastore-master\anmelden.html","17.03.2026 22:27:46"
"C:\Users\mehme\Desktop\cozastore-master\apply_footer_premium.py","17.03.2026 21:25:01"
"C:\Users\mehme\Desktop\cozastore-master\apply_footer_v2.py","17.03.2026 21:55:54"
"C:\Users\mehme\Desktop\cozastore-master\behind-the-brand.html","17.03.2026 22:27:46"
"C:\Users\mehme\Desktop\cozastore-master\blog-detail.html","17.03.2026 22:26:27"
"C:\Users\mehme\Desktop\cozastore-master\blog.html","17.03.2026 22:26:27"
"C:\Users\mehme\Desktop\cozastore-master\cancel.html","17.03.2026 21:08:40"
"C:\Users\mehme\Desktop\cozastore-master\checkout.html","17.03.2026 22:27:46"
"C:\Users\mehme\Desktop\cozastore-master\contact.html","17.03.2026 22:26:27"
"C:\Users\mehme\Desktop\cozastore-master\cookie-einstellungen.html","17.03.2026 22:27:46"
"C:\Users\mehme\Desktop\cozastore-master\datenschutz.html","17.03.2026 22:27:46"
"C:\Users\mehme\Desktop\cozastore-master\home-02.html","17.03.2026 22:26:27"
"C:\Users\mehme\Desktop\cozastore-master\home-03.html","17.03.2026 22:26:27"
"C:\Users\mehme\Desktop\cozastore-master\impressum.html","17.03.2026 22:27:46"
"C:\Users\mehme\Desktop\cozastore-master\index.html","17.03.2026 22:26:27"
"C:\Users\mehme\Desktop\cozastore-master\jobs.html","17.03.2026 22:27:46"
"C:\Users\mehme\Desktop\cozastore-master\modified_files.csv","17.03.2026 22:31:14"
"C:\Users\mehme\Desktop\cozastore-master\nation.html","17.03.2026 22:27:46"
"C:\Users\mehme\Desktop\cozastore-master\product-detail.html","17.03.2026 22:26:27"
"C:\Users\mehme\Desktop\cozastore-master\product-krd-text-shirt2.html","17.03.2026 22:27:46"
"C:\Users\mehme\Desktop\cozastore-master\product-new-image.html","17.03.2026 22:27:46"
"C:\Users\mehme\Desktop\cozastore-master\product.html","17.03.2026 22:26:27"
"C:\Users\mehme\Desktop\cozastore-master\products_data.js","17.03.2026 21:51:56"
"C:\Users\mehme\Desktop\cozastore-master\shoping-cart.html","17.03.2026 22:26:27"
"C:\Users\mehme\Desktop\cozastore-master\shopping-cart.html","17.03.2026 21:08:40"
"C:\Users\mehme\Desktop\cozastore-master\success.html","17.03.2026 21:08:40"
"C:\Users\mehme\Desktop\cozastore-master\support.html","17.03.2026 22:27:47"
"C:\Users\mehme\Desktop\cozastore-master\versand.html","17.03.2026 22:27:47"
"C:\Users\mehme\Desktop\cozastore-master\css\custom.css","17.03.2026 22:05:21"
"C:\Users\mehme\Desktop\cozastore-master\data\products.js","17.03.2026 21:51:56"
"C:\Users\mehme\Desktop\cozastore-master\data\backups\product-efrin-shirt_20260314_150932.html","17.03.2026 21:08:40"
"C:\Users\mehme\Desktop\cozastore-master\data\backups\product-efrin-shirt_20260314_155545.html","17.03.2026 21:08:40"
"C:\Users\mehme\Desktop\cozastore-master\data\backups\product-krd-flag-shirt_20260314_150932.html","17.03.2026 21:08:40"
"C:\Users\mehme\Desktop\cozastore-master\data\backups\product-krd-flag-shirt_20260314_155545.html","17.03.2026 21:08:40"
"C:\Users\mehme\Desktop\cozastore-master\data\backups\product-krd-map-shirt_20260314_150932.html","17.03.2026 21:08:40"
"C:\Users\mehme\Desktop\cozastore-master\data\backups\product-krd-map-shirt_20260314_155545.html","17.03.2026 21:08:40"
"C:\Users\mehme\Desktop\cozastore-master\data\backups\product-krd-number10_20260314_150932.html","17.03.2026 21:08:40"
"C:\Users\mehme\Desktop\cozastore-master\data\backups\product-krd-number10_20260314_155545.html","17.03.2026 21:08:40"
"C:\Users\mehme\Desktop\cozastore-master\data\backups\product-krd-text-shirt_20260314_150932.html","17.03.2026 21:08:40"
"C:\Users\mehme\Desktop\cozastore-master\data\backups\product-krd-text-shirt_20260314_155545.html","17.03.2026 21:08:40"
"C:\Users\mehme\Desktop\cozastore-master\data\backups\product_20260314_150932.html","17.03.2026 21:08:40"
"C:\Users\mehme\Desktop\cozastore-master\data\backups\product_20260314_155545.html","17.03.2026 21:08:40"
"C:\Users\mehme\Desktop\cozastore-master\generated\product-avatar-01.html","17.03.2026 21:08:40"
"C:\Users\mehme\Desktop\cozastore-master\generated\product-banner-01.html","17.03.2026 21:08:40"
"C:\Users\mehme\Desktop\cozastore-master\generated\product-br 1.html","17.03.2026 21:51:56"
"C:\Users\mehme\Desktop\cozastore-master\generated\product-br-gelb.html","17.03.2026 21:08:40"
"C:\Users\mehme\Desktop\cozastore-master\generated\product-de 1.html","17.03.2026 21:51:56"
"C:\Users\mehme\Desktop\cozastore-master\generated\product-krd 1.html","17.03.2026 21:51:56"
"C:\Users\mehme\Desktop\cozastore-master\generated\product-krd 10.html","17.03.2026 21:51:56"
"C:\Users\mehme\Desktop\cozastore-master\generated\product-krd 11.html","17.03.2026 21:51:56"
"C:\Users\mehme\Desktop\cozastore-master\generated\product-krd 12.html","17.03.2026 21:51:56"
"C:\Users\mehme\Desktop\cozastore-master\generated\product-krd 13.html","17.03.2026 21:51:56"
"C:\Users\mehme\Desktop\cozastore-master\generated\product-krd 14.html","17.03.2026 21:51:56"
"C:\Users\mehme\Desktop\cozastore-master\generated\product-krd 15.html","17.03.2026 21:51:56"
"C:\Users\mehme\Desktop\cozastore-master\generated\product-krd 16.html","17.03.2026 21:51:56"
"C:\Users\mehme\Desktop\cozastore-master\generated\product-krd 17.html","17.03.2026 21:51:56"
"C:\Users\mehme\Desktop\cozastore-master\generated\product-krd 18.html","17.03.2026 21:51:56"
"C:\Users\mehme\Desktop\cozastore-master\generated\product-krd 2.html","17.03.2026 21:51:56"
"C:\Users\mehme\Desktop\cozastore-master\generated\product-krd 3.html","17.03.2026 21:51:56"
"C:\Users\mehme\Desktop\cozastore-master\generated\product-krd 4.html","17.03.2026 21:51:56"
"C:\Users\mehme\Desktop\cozastore-master\generated\product-krd 5.html","17.03.2026 21:51:56"
"C:\Users\mehme\Desktop\cozastore-master\generated\product-krd 6.html","17.03.2026 21:51:56"
"C:\Users\mehme\Desktop\cozastore-master\generated\product-krd 7.html","17.03.2026 21:51:56"
"C:\Users\mehme\Desktop\cozastore-master\generated\product-krd 8.html","17.03.2026 21:51:56"
"C:\Users\mehme\Desktop\cozastore-master\generated\product-krd 9.html","17.03.2026 21:51:56"
"C:\Users\mehme\Desktop\cozastore-master\generated\product-krd-azadi-shirt-black.html","17.03.2026 21:08:40"
"C:\Users\mehme\Desktop\cozastore-master\generated\product-krd-dove-shirt-white.html","17.03.2026 21:08:40"
"C:\Users\mehme\Desktop\cozastore-master\generated\product-krd-keca-kurda-shirt.html","17.03.2026 21:08:40"
"C:\Users\mehme\Desktop\cozastore-master\generated\product-Spanien Test.html","17.03.2026 21:08:40"
"C:\Users\mehme\Desktop\cozastore-master\js\products.js","17.03.2026 20:38:51"
"C:\Users\mehme\Desktop\cozastore-master\js\products_v2.js","17.03.2026 21:51:56"
"C:\Users\mehme\Desktop\cozastore-master\js\shop.js","17.03.2026 20:23:57"
"C:\Users\mehme\Desktop\cozastore-master\safe_restore\cozastore-master","17.03.2026 21:11:56"
"C:\Users\mehme\Desktop\cozastore-master\safe_restore\cozastore-master\css","17.03.2026 21:11:54"
"C:\Users\mehme\Desktop\cozastore-master\safe_restore\cozastore-master\fonts","17.03.2026 21:11:55"
"C:\Users\mehme\Desktop\cozastore-master\safe_restore\cozastore-master\images","17.03.2026 21:11:56"
"C:\Users\mehme\Desktop\cozastore-master\safe_restore\cozastore-master\js","17.03.2026 21:11:56"
"C:\Users\mehme\Desktop\cozastore-master\safe_restore\cozastore-master\vendor","17.03.2026 21:11:57"
"C:\Users\mehme\Desktop\cozastore-master\safe_restore\cozastore-master\fonts\font-awesome-4.7.0","17.03.2026 21:11:55"
"C:\Users\mehme\Desktop\cozastore-master\safe_restore\cozastore-master\fonts\iconic","17.03.2026 21:11:55"
"C:\Users\mehme\Desktop\cozastore-master\safe_restore\cozastore-master\fonts\linearicons-v1.0.0","17.03.2026 21:11:55"
"C:\Users\mehme\Desktop\cozastore-master\safe_restore\cozastore-master\fonts\Montserrat","17.03.2026 21:11:54"
"C:\Users\mehme\Desktop\cozastore-master\safe_restore\cozastore-master\fonts\PlayfairDisplay","17.03.2026 21:11:54"
"C:\Users\mehme\Desktop\cozastore-master\safe_restore\cozastore-master\fonts\Poppins","17.03.2026 21:11:54"
"C:\Users\mehme\Desktop\cozastore-master\safe_restore\cozastore-master\fonts\font-awesome-4.7.0\css","17.03.2026 21:11:55"
"C:\Users\mehme\Desktop\cozastore-master\safe_restore\cozastore-master\fonts\font-awesome-4.7.0\fonts","17.03.2026 21:11:55"
"C:\Users\mehme\Desktop\cozastore-master\safe_restore\cozastore-master\fonts\font-awesome-4.7.0\less","17.03.2026 21:11:55"
"C:\Users\mehme\Desktop\cozastore-master\safe_restore\cozastore-master\fonts\font-awesome-4.7.0\scss","17.03.2026 21:11:55"
"C:\Users\mehme\Desktop\cozastore-master\safe_restore\cozastore-master\fonts\iconic\css","17.03.2026 21:11:55"
"C:\Users\mehme\Desktop\cozastore-master\safe_restore\cozastore-master\fonts\iconic\fonts","17.03.2026 21:11:55"
"C:\Users\mehme\Desktop\cozastore-master\safe_restore\cozastore-master\fonts\linearicons-v1.0.0\WebFont","17.03.2026 21:11:55"
"C:\Users\mehme\Desktop\cozastore-master\safe_restore\cozastore-master\images\icons","17.03.2026 21:11:56"
"C:\Users\mehme\Desktop\cozastore-master\safe_restore\cozastore-master\vendor\animate","17.03.2026 21:11:56"
"C:\Users\mehme\Desktop\cozastore-master\safe_restore\cozastore-master\vendor\animsition","17.03.2026 21:11:56"
"C:\Users\mehme\Desktop\cozastore-master\safe_restore\cozastore-master\vendor\bootstrap","17.03.2026 21:11:56"
"C:\Users\mehme\Desktop\cozastore-master\safe_restore\cozastore-master\vendor\countdowntime","17.03.2026 21:11:56"
"C:\Users\mehme\Desktop\cozastore-master\safe_restore\cozastore-master\vendor\css-hamburgers","17.03.2026 21:11:56"
"C:\Users\mehme\Desktop\cozastore-master\safe_restore\cozastore-master\vendor\daterangepicker","17.03.2026 21:11:57"
"C:\Users\mehme\Desktop\cozastore-master\safe_restore\cozastore-master\vendor\isotope","17.03.2026 21:11:57"
"C:\Users\mehme\Desktop\cozastore-master\safe_restore\cozastore-master\vendor\jquery","17.03.2026 21:11:57"
"C:\Users\mehme\Desktop\cozastore-master\safe_restore\cozastore-master\vendor\jqueryui","17.03.2026 21:11:57"
"C:\Users\mehme\Desktop\cozastore-master\safe_restore\cozastore-master\vendor\lightbox2","17.03.2026 21:11:57"
"C:\Users\mehme\Desktop\cozastore-master\safe_restore\cozastore-master\vendor\MagnificPopup","17.03.2026 21:11:56"
"C:\Users\mehme\Desktop\cozastore-master\safe_restore\cozastore-master\vendor\parallax100","17.03.2026 21:11:57"
"C:\Users\mehme\Desktop\cozastore-master\safe_restore\cozastore-master\vendor\perfect-scrollbar","17.03.2026 21:11:57"
"C:\Users\mehme\Desktop\cozastore-master\safe_restore\cozastore-master\vendor\select2","17.03.2026 21:11:57"
"C:\Users\mehme\Desktop\cozastore-master\safe_restore\cozastore-master\vendor\slick","17.03.2026 21:11:57"
"C:\Users\mehme\Desktop\cozastore-master\safe_restore\cozastore-master\vendor\sweetalert","17.03.2026 21:11:57"
"C:\Users\mehme\Desktop\cozastore-master\safe_restore\cozastore-master\vendor\animsition\css","17.03.2026 21:11:56"
"C:\Users\mehme\Desktop\cozastore-master\safe_restore\cozastore-master\vendor\animsition\js","17.03.2026 21:11:56"
"C:\Users\mehme\Desktop\cozastore-master\safe_restore\cozastore-master\vendor\bootstrap\css","17.03.2026 21:11:56"
"C:\Users\mehme\Desktop\cozastore-master\safe_restore\cozastore-master\vendor\bootstrap\js","17.03.2026 21:11:56"
"C:\Users\mehme\Desktop\cozastore-master\safe_restore\cozastore-master\vendor\jqueryui\external","17.03.2026 21:11:57"
"C:\Users\mehme\Desktop\cozastore-master\safe_restore\cozastore-master\vendor\jqueryui\images","17.03.2026 21:11:57"
"C:\Users\mehme\Desktop\cozastore-master\safe_restore\cozastore-master\vendor\jqueryui\external\jquery","17.03.2026 21:11:57"
"C:\Users\mehme\Desktop\cozastore-master\safe_restore\cozastore-master\vendor\lightbox2\css","17.03.2026 21:11:57"
"C:\Users\mehme\Desktop\cozastore-master\safe_restore\cozastore-master\vendor\lightbox2\images","17.03.2026 21:11:57"
"C:\Users\mehme\Desktop\cozastore-master\safe_restore\cozastore-master\vendor\lightbox2\js","17.03.2026 21:11:57"
"C:\Users\mehme\Desktop\cozastore-master\safe_restore\cozastore-master\vendor\slick\fonts","17.03.2026 21:11:57"
"C:\Users\mehme\Desktop\cozastore-master\scripts\update_footers.py","17.03.2026 20:35:22"
"C:\Users\mehme\Desktop\cozastore-master\templates\product-detail-template.html","17.03.2026 21:08:40"
"C:\Users\mehme\Desktop\cozastore-master\vendor\lightbox2","17.03.2026 21:05:48"
"C:\Users\mehme\Desktop\cozastore-master\vendor\lightbox2\css","17.03.2026 21:05:48"
"C:\Users\mehme\Desktop\cozastore-master\vendor\lightbox2\images","17.03.2026 21:05:48"
"C:\Users\mehme\Desktop\cozastore-master\vendor\lightbox2\js","17.03.2026 21:05:48"
